-- phpMyAdmin SQL Dump
-- version 4.6.6deb4
-- https://www.phpmyadmin.net/
--
-- Client :  pedago.uhb.fr:3306
-- Généré le :  Mer 18 Avril 2018 à 17:49
-- Version du serveur :  10.1.26-MariaDB-0+deb9u1
-- Version de PHP :  7.0.27-0+deb9u1

SET SQL_MODE = "NO_AUTO_VALUE_ON_ZERO";
SET time_zone = "+00:00";


/*!40101 SET @OLD_CHARACTER_SET_CLIENT=@@CHARACTER_SET_CLIENT */;
/*!40101 SET @OLD_CHARACTER_SET_RESULTS=@@CHARACTER_SET_RESULTS */;
/*!40101 SET @OLD_COLLATION_CONNECTION=@@COLLATION_CONNECTION */;
/*!40101 SET NAMES utf8mb4 */;

--
-- Base de données :  `Base-21501288-2`
--

-- --------------------------------------------------------

--
-- Structure de la table `circuit`
--

CREATE TABLE `circuit` (
  `circuitID` int(6) NOT NULL,
  `cName` varchar(50) NOT NULL,
  `cCity` varchar(25) DEFAULT NULL,
  `cCountry` varchar(25) NOT NULL,
  `cLength` decimal(5,3) DEFAULT NULL,
  `cLapRec` decimal(4,1) DEFAULT NULL,
  `cDrivRec` int(6) DEFAULT NULL,
  `cYearRec` year(4) DEFAULT NULL
) ENGINE=InnoDB DEFAULT CHARSET=utf8;

--
-- Contenu de la table `circuit`
--

INSERT INTO `circuit` (`circuitID`, `cName`, `cCity`, `cCountry`, `cLength`, `cLapRec`, `cDrivRec`, `cYearRec`) VALUES
(1, 'Albert Park', 'Merbourne', 'Australia', '5.303', '84.1', 24, 2004),
(2, 'Sepang International Circuit', 'Kuala Lumpur', 'Malaysia', '5.543', '94.2', 25, 2004),
(3, 'Bahrain International Circuit', 'Sakhir', 'Bahrain', '5.412', '91.4', 26, 2005),
(4, 'Shanghai International Circuit', 'Shangai', 'China', '5.451', '92.2', 24, 2004),
(5, 'Circuit de Barcelona-Catalunya', 'Barcelona', 'Spain', '4.655', '82.7', 18, 2008),
(6, 'Circuit de Monaco', 'Monaco', 'Monaco', '3.340', '74.4', 24, 2004),
(7, 'Circuit Gilles-Villeneuve', 'Montréal', 'Canada', '4.361', '74.6', 27, 2004),
(8, 'Red Bull Ring', 'Spielberg', 'Austria', '4.326', '68.3', 24, 2003),
(9, 'Silverstone circuit', 'Silverstone', 'Great Britain', '5.891', '93.4', 28, 2013),
(10, 'Hockenheimring', 'Hockenheim', 'Germany', '4.574', '74.8', 18, 2004),
(11, 'Hungaroring', 'Budapest', 'Hungary', '4.381', '79.1', 24, 2004),
(12, 'Circuit de Spa-Francorchamps', 'Spa-Francorchamps', 'Belgium', '7.004', '107.3', 23, 2009),
(13, 'Autodromo di Monza', 'Monza', 'Italy', '5.793', '82.7', 27, 2004),
(14, 'Marina Bay Street Circuit', 'Singapore', 'Singapore', '5.065', '109.6', 23, 2013),
(15, 'Suzuka circuit', 'Suzuka', 'Japan', '5.807', '91.5', 18, 2005),
(16, 'Sochi Autodrom', 'Sochi', 'Russia', '5.853', NULL, NULL, NULL),
(17, 'Circuit of The Americas', 'Austin', 'United States', '5.513', '99.3', 23, 2012),
(18, 'Autodromo Jose Carlos Pace', 'São Paulo', 'Brazil', '4.309', '71.5', 25, 2004),
(19, 'Yas Marina circuit', 'Yas Marina', 'Abu Dhabi', '5.554', '100.3', 23, 2009),
(20, 'Nürburgring', 'Nürburg', 'Germany', '5.148', '89.4', 9, 2013),
(21, 'Korea International Circuit', 'Mokpo', 'Korea', '5.621', '95.6', 23, 2010),
(22, 'Buddh International Circuit', 'Greater Noida', 'India', '5.125', '84.1', 23, 2013),
(23, 'Melbourne Grand Prix Circuit', NULL, ' Australia', NULL, NULL, NULL, NULL),
(24, 'Autodromo Enzo e Dino Ferrari', NULL, ' San Marino', NULL, NULL, NULL, NULL),
(25, 'Circuit de Catalunya', NULL, ' Spain', NULL, NULL, NULL, NULL),
(26, 'A1-Ring', NULL, ' Austria', NULL, NULL, NULL, NULL),
(27, 'Circuit de Nevers Magny-Cours', NULL, ' France', NULL, NULL, NULL, NULL),
(28, 'Autodromo Nazionale Monza', NULL, ' Italy', NULL, NULL, NULL, NULL),
(29, 'Indianapolis Motor Speedway', NULL, ' United States', NULL, NULL, NULL, NULL),
(30, 'Suzuka International Racing Course', NULL, ' Japan', NULL, NULL, NULL, NULL);

-- --------------------------------------------------------

--
-- Structure de la table `driver`
--

CREATE TABLE `driver` (
  `driverID` int(6) NOT NULL,
  `dFirstName` varchar(25) NOT NULL,
  `dLastName` varchar(25) NOT NULL,
  `dBirthdate` date DEFAULT NULL,
  `dDeathdate` date DEFAULT NULL,
  `dCountry` varchar(25) DEFAULT NULL,
  `dGender` enum('M','F') NOT NULL DEFAULT 'M'
) ENGINE=InnoDB DEFAULT CHARSET=utf8;

--
-- Contenu de la table `driver`
--

INSERT INTO `driver` (`driverID`, `dFirstName`, `dLastName`, `dBirthdate`, `dDeathdate`, `dCountry`, `dGender`) VALUES
(1, 'Fernando', 'Alonso', '1981-07-29', NULL, 'Spain', 'M'),
(2, 'Jules', 'Bianchi', '1989-08-03', NULL, 'France', 'M'),
(3, 'Valtteri', 'Bottas', '1989-08-28', NULL, 'Finland', 'M'),
(4, 'Jenson', 'Button', '1980-01-19', NULL, 'Great Britain', 'M'),
(5, 'Max', 'Chilton', '1991-04-21', NULL, 'Great Britain', 'M'),
(6, 'Marcus', 'Ericsson', '1990-09-02', NULL, 'Sweden', 'M'),
(7, 'Romain', 'Grosjean', '1986-04-17', NULL, 'France', 'M'),
(8, 'Esteban', 'Gutierrez', '1991-08-05', NULL, 'Mexico', 'M'),
(9, 'Lewis', 'Hamilton', '1985-01-07', NULL, 'Great Britain', 'M'),
(10, 'Nico', 'Hulkenberg', '1985-06-27', NULL, 'Germany', 'M'),
(11, 'Kamui', 'Kobayashi', '1986-09-17', NULL, 'Japan', 'M'),
(12, 'Daniil', 'Kvyat', '1994-04-26', NULL, 'Russia', 'M'),
(13, 'André', 'Lotterer', '1981-11-19', NULL, 'Germany', 'M'),
(14, 'Kevin', 'Magnussen', '1992-10-05', NULL, 'Denmark', 'M'),
(15, 'Pastor', 'Maldonado', '1985-03-09', NULL, 'Venezuela', 'M'),
(16, 'Felipe', 'Massa', '1981-04-25', NULL, 'Brazil', 'M'),
(17, 'Sergio', 'Pérez', '1990-01-26', NULL, 'Mexico', 'M'),
(18, 'Kimi', 'Räikkönen', '1979-10-17', NULL, 'Finland', 'M'),
(19, 'Daniel', 'Ricciardo', '1989-07-01', NULL, 'Australia', 'M'),
(20, 'Nico', 'Rosberg', '1985-06-27', NULL, 'Germany', 'M'),
(21, 'Adrian', 'Sutil', '1983-01-11', NULL, 'Germany', 'M'),
(22, 'Jean-Éric', 'Vergne', '1990-04-25', NULL, 'France', 'M'),
(23, 'Sebastian', 'Vettel', '1987-07-03', NULL, 'Germany', 'M'),
(24, 'Michael', 'Schumacher', '1969-01-03', NULL, 'Germany', 'M'),
(25, 'Juan Pablo', 'Montoya', '1975-09-20', NULL, 'Colombia', 'M'),
(26, 'Pedro', 'de la Rosa', '1971-02-24', NULL, 'Spain', 'M'),
(27, 'Rubens', 'Barrichello', '1972-05-23', NULL, 'Brazil', 'M'),
(28, 'Mark', 'Webber', '1976-08-27', NULL, 'Australia', 'M'),
(29, 'Sébastien', 'Buemi', '1988-10-31', NULL, 'Switzerland', 'M'),
(30, 'António', 'Félix da Costa', '1991-08-31', NULL, 'Portugal', 'M'),
(31, 'Pascal', 'Wehrlein', '1994-10-18', NULL, 'Germany', 'M'),
(32, 'Marc', 'Gené', '1974-03-29', NULL, 'Spain', 'M'),
(33, 'Davide', 'Rigon', '1986-08-26', NULL, 'Italy', 'M'),
(34, 'Charles', 'Pic', '1990-02-15', NULL, 'France', 'M'),
(35, 'Nicolas', 'Prost', '1981-08-18', NULL, 'France', 'M'),
(36, 'Stoffel', 'Vandoorne', '1992-03-26', NULL, 'Belgium', 'M'),
(37, 'Daniel', 'Juncadella', '1991-05-07', NULL, 'Spain', 'M'),
(38, 'Sergey', 'Sirotkin', '1995-08-27', NULL, 'Russia', 'M'),
(39, 'Giedo', 'Van der Garde', '1985-04-25', NULL, 'Netherlands', 'M'),
(40, 'Simona', 'de Silvestro', '1988-09-01', NULL, 'Switzerland', 'F'),
(41, 'Felipe', 'Nasr', '1992-08-21', NULL, 'Brazil', 'M'),
(42, 'Susie', 'Wolff', '1982-12-06', NULL, 'Great Britain', 'F'),
(43, 'Alexander', 'Rossi', '1991-09-25', NULL, 'United States', 'M'),
(44, 'Robin', 'Frijns', '1991-08-07', NULL, 'Netherlands', 'M'),
(45, 'Nathanaël', 'Berthon', '1989-07-01', NULL, 'France', 'M'),
(46, 'Julián', 'Leal', '1990-05-11', NULL, 'Colombia', 'M'),
(47, 'Roberto', 'Merhi', '1991-03-22', NULL, 'Spain', 'M'),
(48, 'Mika', 'Häkkinen', '1968-09-28', NULL, 'Finland', 'M'),
(49, 'Jacques', 'Villeneuve', '1971-04-09', NULL, 'Canada', 'M'),
(50, 'Damon', 'Hill', '1960-09-17', NULL, 'Great Britain', 'M'),
(51, 'Alain', 'Prost', '1955-02-24', NULL, 'France', 'M'),
(52, 'Nigel', 'Mansell', '1953-08-08', NULL, 'Great Britain', 'M'),
(53, 'Ayrton', 'Senna', '1960-03-21', '1994-05-01', 'Brazil', 'M'),
(54, 'Nelson', 'Piquet', '1952-08-17', NULL, 'Brazil', 'M'),
(55, 'Niki', 'Lauda', '1949-02-22', NULL, 'Austria', 'M'),
(56, 'Keke', 'Rosberg', '1948-12-06', NULL, 'Finland', 'M'),
(57, 'Alan', 'Jones', '1946-11-02', NULL, 'Australia', 'M'),
(58, 'Jody', 'Scheckter', '1950-01-29', NULL, 'South Africa', 'M'),
(59, 'Mario', 'Andretti', '1940-02-28', NULL, 'United States', 'M'),
(60, 'James', 'Hunt', '1947-08-29', '1993-06-15', 'Great Britain', 'M'),
(61, 'Emerson', 'Fittipaldi', '1946-12-12', NULL, 'Brazil', 'M'),
(62, 'Jackie', 'Stewart', '1939-06-11', NULL, 'Great Britain', 'M'),
(63, 'Jochen', 'Rindt', '1942-04-18', '1970-09-05', 'Austria', 'M'),
(64, 'Graham', 'Hill', '1929-02-15', '1975-11-29', 'Great Britain', 'M'),
(65, 'Denny', 'Hulme', '1936-06-18', '1992-10-04', 'New Zealand', 'M'),
(66, 'Jack', 'Brabham', '1926-04-02', '2014-05-19', 'Australia', 'M'),
(67, 'Jim', 'Clark', '1936-03-04', '1968-04-07', 'Great Britain', 'M'),
(68, 'John', 'Surtees', '1934-02-11', NULL, 'Great Britain', 'M'),
(69, 'Phil', 'Hill', '1927-04-20', '2008-08-28', 'United States', 'M'),
(70, 'Mike', 'Hawthorn', '1929-04-10', '1959-01-22', 'Great Britain', 'M'),
(71, 'Juan Manuel', 'Fangio', '1911-06-24', '1995-07-17', 'Argentina', 'M'),
(72, 'Alberto', 'Ascari', '1918-07-13', '1955-05-26', 'Italy', 'M'),
(73, 'Giuseppe', 'Farina', '1906-10-30', '1966-06-30', 'Italy', 'M'),
(74, 'Will', 'Stevens', '1991-06-28', NULL, 'Great Britain', 'M'),
(75, 'Paul', 'di Resta', '1986-04-16', NULL, 'Great Britain', 'M'),
(76, 'Heikki', 'Kovalainen', '1981-10-19', NULL, 'Finland', 'M'),
(77, 'Gary', 'Paffet', '1981-03-24', NULL, 'Great Britain', 'M'),
(78, 'Oliver', 'Turvey', '1987-04-01', NULL, 'Great Britain', 'M'),
(79, 'Davide', 'Valsecchi', '1987-01-24', NULL, 'Italy', 'M'),
(80, 'Jérôme', 'D\'Ambrosio', '1985-12-27', NULL, 'Belgium', 'M'),
(81, 'Brendon', 'Hartley', '1989-11-10', NULL, 'New Zealand', 'M'),
(82, 'Ma', 'Qing Hua', '1987-12-25', NULL, 'China', 'M'),
(83, 'Rodolfo', 'González', '1986-05-14', NULL, 'Venezuela', 'M'),
(84, 'David', 'Coulthard', NULL, NULL, NULL, 'M'),
(85, 'Jarno', 'Trulli', NULL, NULL, NULL, 'M'),
(86, 'Heinz-Harald', 'Frentzen', NULL, NULL, NULL, 'M'),
(87, 'Ralf', 'Schumacher', NULL, NULL, NULL, 'M'),
(88, 'Jos', 'Verstappen', NULL, NULL, NULL, 'M'),
(89, 'Giancarlo', 'Fisichella', NULL, NULL, NULL, 'M'),
(90, 'Antonio', 'Pizzonia', NULL, NULL, NULL, 'M'),
(91, 'Olivier', 'Panis', NULL, NULL, NULL, 'M'),
(92, 'Nick', 'Heidfeld', NULL, NULL, NULL, 'M'),
(93, 'Justin', 'Wilson', NULL, NULL, NULL, 'M'),
(94, 'Cristiano', 'da Matta', NULL, NULL, NULL, 'M'),
(95, 'Ralph', 'Firman', NULL, NULL, NULL, 'M'),
(96, 'Nicolas', 'Kiesa', NULL, NULL, NULL, 'M'),
(97, 'Zsolt', 'Baumgartner', NULL, NULL, NULL, 'M'),
(98, 'Takuma', 'Sato', NULL, NULL, NULL, 'M');

-- --------------------------------------------------------

--
-- Structure de la table `grandprix`
--

CREATE TABLE `grandprix` (
  `gpID` int(6) NOT NULL,
  `gName` varchar(50) NOT NULL,
  `circuitID` int(6) NOT NULL,
  `gDate` datetime NOT NULL,
  `gLaps` int(3) NOT NULL,
  `gRank` int(2) NOT NULL
) ENGINE=InnoDB DEFAULT CHARSET=utf8;

--
-- Contenu de la table `grandprix`
--

INSERT INTO `grandprix` (`gpID`, `gName`, `circuitID`, `gDate`, `gLaps`, `gRank`) VALUES
(200301, 'FOSTER S AUSTRALIAN GRAND PRIX', 23, '2003-03-09 00:00:00', 58, 1),
(200302, 'PETRONAS MALAYSIAN GRAND PRIX', 2, '2003-03-23 00:00:00', 56, 2),
(200303, 'E PRÊMIO DO BRASIL 2003', 18, '2003-04-06 00:00:00', 54, 3),
(200304, 'PREMIO FOSTER S DI SAN MARINO 2003', 24, '2003-04-20 00:00:00', 62, 4),
(200305, 'PREMIO MARLBORO DE ESPAÑA 2003', 25, '2003-05-04 00:00:00', 65, 5),
(200306, 'AND PRIX VON ÖSTERREICH 2003', 26, '2003-05-18 00:00:00', 69, 6),
(200307, ' PRIX DE MONACO 2003', 6, '2003-06-01 00:00:00', 78, 7),
(200308, ' PRIX AIR CANADA 2003', 7, '2003-06-15 00:00:00', 70, 8),
(200309, 'ALLIANZ GRAND PRIX OF EUROPE', 20, '2003-06-29 00:00:00', 60, 9),
(200310, ' 1 GRAND PRIX DE FRANCE 2003', 27, '2003-07-06 00:00:00', 70, 10),
(200311, 'FOSTER S BRITISH GRAND PRIX', 9, '2003-07-20 00:00:00', 60, 11),
(200312, 'ER MOBIL 1 PREIS VON DEUTSCHLAND 2003', 10, '2003-08-03 00:00:00', 67, 12),
(200313, 'ORO MAGYAR NAGYDÍJ 2003', 11, '2003-08-24 00:00:00', 70, 13),
(200314, 'PREMIO VODAFONE D ITALIA 2003', 28, '2003-09-14 00:00:00', 53, 14),
(200315, 'UNITED STATES GRAND PRIX', 29, '2003-09-28 00:00:00', 73, 15),
(200316, 'FUJI TELEVISION JAPANESE GRAND PRIX', 30, '2003-10-12 00:00:00', 53, 16),
(201301, 'ROLEX AUSTRALIAN GRAND PRIX', 1, '2013-03-17 17:00:00', 58, 1),
(201302, 'PETRONAS MALAYSIA GRAND PRIX', 2, '2013-03-24 16:00:00', 56, 2),
(201303, 'UBS CHINESE GRAND PRIX', 4, '2013-04-14 15:00:00', 56, 3),
(201304, 'GULF AIR BAHRAIN GRAND PRIX', 3, '2013-04-21 15:00:00', 57, 4),
(201305, 'GRAN PREMIO DE ESPAÑA', 5, '2013-05-12 14:00:00', 66, 5),
(201306, 'GRAND PRIX DE MONACO', 6, '2013-05-26 14:00:00', 78, 6),
(201307, 'GRAND PRIX DU CANADA', 7, '2013-06-09 14:00:00', 70, 7),
(201308, 'SANTANDER BRITISH GRAND PRIX', 9, '2013-06-30 13:00:00', 52, 8),
(201309, 'GROSSER PREIS SANTANDER VON DEUTSCHLAND', 20, '2013-07-07 14:00:00', 60, 9),
(201310, 'MAGYAR NAGYDÍJ', 11, '2013-07-28 14:00:00', 70, 10),
(201311, 'SHELL BELGIAN GRAND PRIX', 12, '2013-08-25 14:00:00', 44, 11),
(201312, 'GRAN PREMIO D\'ITALIA', 13, '2013-09-08 14:00:00', 53, 12),
(201313, 'SINGTEL SINGAPORE GRAND PRIX', 14, '2013-09-22 20:00:00', 61, 13),
(201314, 'KOREAN GRAND PRIX', 21, '2013-10-06 15:00:00', 55, 14),
(201315, 'JAPANESE GRAND PRIX', 15, '2013-10-13 15:00:00', 53, 15),
(201316, 'AIRTEL INDIAN GRAND PRIX', 22, '2013-10-27 15:00:00', 60, 16),
(201317, 'ETIHAD AIRWAYS ABU DHABI GRAND PRIX', 19, '2013-11-03 17:00:00', 55, 17),
(201318, 'UNITED STATES GRAND PRIX', 17, '2013-11-17 13:00:00', 56, 18),
(201319, 'GRANDE PRÊMIO DO BRASIL', 18, '2013-11-24 14:00:00', 71, 19),
(201401, 'ROLEX AUSTRALIAN GRAND PRIX', 1, '2014-03-16 17:00:00', 58, 1),
(201402, 'PETRONAS MALAYSIA GRAND PRIX', 2, '2014-03-30 16:00:00', 56, 2),
(201403, 'GULF AIR BAHRAIN GRAND PRIX', 3, '2014-04-06 18:00:00', 57, 3),
(201404, 'UBS CHINESE GRAND PRIX', 4, '2014-04-20 15:00:00', 56, 4),
(201405, 'GRAN PREMIO DE ESPAÑA PIRELLI', 5, '2014-05-11 14:00:00', 66, 5),
(201406, 'GRAND PRIX DE MONACO', 6, '2014-05-25 14:00:00', 78, 6),
(201407, 'GRAND PRIX DU CANADA', 7, '2014-06-08 14:00:00', 70, 7),
(201408, 'GROSSER PREIS VON ÖSTERREICH', 8, '2014-06-22 14:00:00', 71, 8),
(201409, 'SANTANDER BRITISH GRAND PRIX', 9, '2014-07-06 13:00:00', 52, 9),
(201410, 'GROSSER PREIS SANTANDER VON DEUTSCHLAND', 10, '2014-07-20 14:00:00', 67, 10),
(201411, 'PIRELLI MAGYAR NAGYDÍJ', 11, '2014-07-27 14:00:00', 70, 11),
(201412, 'SHELL BELGIAN GRAND PRIX', 12, '2014-08-24 14:00:00', 44, 12),
(201413, 'GRAN PREMIO D\'ITALIA', 13, '2014-09-07 14:00:00', 53, 13),
(201414, 'SINGAPORE AIRLINES SINGAPORE GRAND PRIX', 14, '2014-09-21 20:00:00', 61, 14),
(201415, 'JAPANESE GRAND PRIX', 15, '2014-10-05 15:00:00', 53, 15),
(201416, 'RUSSIAN GRAND PRIX', 16, '2014-10-12 15:00:00', 53, 16),
(201417, 'UNITED STATES GRAND PRIX', 17, '2014-11-02 14:00:00', 56, 17),
(201418, 'GRANDE PRÊMIO PETROBRAS DO BRASIL', 18, '2014-11-09 14:00:00', 71, 18),
(201419, 'ETIHAD AIRWAYS ABU DHABI GRAND PRIX', 19, '2014-11-23 17:00:00', 55, 19);

-- --------------------------------------------------------

--
-- Structure de la table `racedriver`
--

CREATE TABLE `racedriver` (
  `teamID` int(6) NOT NULL,
  `driverID` int(6) NOT NULL,
  `rSeason` year(4) NOT NULL,
  `rDriverNb` int(6) NOT NULL
) ENGINE=InnoDB DEFAULT CHARSET=utf8;

--
-- Contenu de la table `racedriver`
--

INSERT INTO `racedriver` (`teamID`, `driverID`, `rSeason`, `rDriverNb`) VALUES
(1, 9, 2013, 10),
(1, 9, 2014, 44),
(1, 20, 2013, 9),
(1, 20, 2014, 6),
(2, 19, 2014, 3),
(2, 23, 2013, 1),
(2, 23, 2014, 1),
(2, 28, 2013, 2),
(3, 3, 2014, 77),
(3, 16, 2014, 19),
(4, 1, 2013, 3),
(4, 1, 2014, 14),
(4, 16, 2013, 4),
(4, 18, 2014, 7),
(4, 24, 2003, 1),
(4, 27, 2003, 2),
(5, 4, 2013, 5),
(5, 4, 2014, 22),
(5, 14, 2014, 20),
(5, 17, 2013, 6),
(6, 10, 2014, 27),
(6, 17, 2014, 11),
(6, 21, 2013, 15),
(6, 75, 2013, 14),
(7, 12, 2014, 26),
(7, 22, 2014, 25),
(8, 7, 2013, 8),
(8, 7, 2014, 8),
(8, 15, 2014, 13),
(8, 18, 2013, 7),
(8, 76, 2013, 7),
(9, 2, 2014, 17),
(9, 5, 2014, 4),
(10, 8, 2013, 12),
(10, 8, 2014, 21),
(10, 10, 2013, 11),
(10, 21, 2014, 99),
(11, 6, 2014, 9),
(11, 11, 2014, 10),
(11, 13, 2014, 45),
(11, 34, 2013, 20),
(11, 39, 2013, 21),
(12, 19, 2013, 19),
(12, 22, 2013, 18),
(13, 3, 2013, 17),
(13, 15, 2013, 16),
(14, 2, 2013, 22),
(14, 5, 2013, 23),
(15, 18, 2003, 6),
(15, 84, 2003, 5),
(16, 25, 2003, 3),
(16, 32, 2003, 4),
(16, 87, 2003, 4),
(17, 1, 2003, 8),
(17, 85, 2003, 7),
(18, 86, 2003, 10),
(18, 92, 2003, 9),
(19, 4, 2003, 17),
(19, 49, 2003, 16),
(19, 98, 2003, 16),
(20, 88, 2003, 19),
(20, 93, 2003, 18),
(20, 96, 2003, 18),
(21, 89, 2003, 11),
(21, 95, 2003, 12),
(21, 97, 2003, 12),
(22, 28, 2003, 14),
(22, 90, 2003, 15),
(23, 91, 2003, 20),
(23, 94, 2003, 21);

-- --------------------------------------------------------

--
-- Structure de la table `standings`
--

CREATE TABLE `standings` (
  `driverID` int(6) NOT NULL,
  `gpID` int(6) NOT NULL,
  `sGrid` int(2) NOT NULL,
  `sPos` int(2) DEFAULT NULL,
  `sInc` enum('DNF','DNS','DQ') DEFAULT NULL,
  `sPoints` int(2) NOT NULL,
  `sLaps` int(3) NOT NULL
) ENGINE=InnoDB DEFAULT CHARSET=utf8;

--
-- Contenu de la table `standings`
--

INSERT INTO `standings` (`driverID`, `gpID`, `sGrid`, `sPos`, `sInc`, `sPoints`, `sLaps`) VALUES
(1, 200301, 10, 7, NULL, 2, 58),
(1, 200302, 1, 3, NULL, 6, 56),
(1, 200303, 10, 3, NULL, 6, 54),
(1, 200304, 8, 6, NULL, 3, 62),
(1, 200305, 3, 2, NULL, 8, 65),
(1, 200306, 19, NULL, 'DNF', 0, 44),
(1, 200307, 8, 5, NULL, 4, 78),
(1, 200308, 4, 4, NULL, 5, 70),
(1, 200309, 8, 4, NULL, 5, 60),
(1, 200310, 7, NULL, 'DNF', 0, 43),
(1, 200311, 8, NULL, 'DNF', 0, 52),
(1, 200312, 8, 4, NULL, 5, 67),
(1, 200313, 1, 1, NULL, 10, 70),
(1, 200314, 20, 8, NULL, 1, 52),
(1, 200315, 6, NULL, 'DNF', 0, 44),
(1, 200316, 5, NULL, 'DNF', 0, 17),
(1, 201301, 5, 2, NULL, 18, 58),
(1, 201302, 3, NULL, 'DNF', 0, 1),
(1, 201303, 3, 1, NULL, 25, 56),
(1, 201304, 3, 8, NULL, 4, 57),
(1, 201305, 5, 1, NULL, 25, 66),
(1, 201306, 6, 7, NULL, 6, 78),
(1, 201307, 6, 2, NULL, 18, 70),
(1, 201308, 9, 3, NULL, 15, 52),
(1, 201309, 8, 4, NULL, 12, 60),
(1, 201310, 5, 5, NULL, 10, 70),
(1, 201311, 9, 2, NULL, 18, 44),
(1, 201312, 5, 2, NULL, 18, 53),
(1, 201313, 14, 2, NULL, 18, 61),
(1, 201314, 5, 6, NULL, 8, 55),
(1, 201315, 8, 4, NULL, 12, 53),
(1, 201316, 8, 11, NULL, 0, 60),
(1, 201317, 10, 5, NULL, 10, 55),
(1, 201318, 6, 5, NULL, 10, 56),
(1, 201319, 3, 3, NULL, 15, 71),
(1, 201401, 5, 4, NULL, 12, 57),
(1, 201402, 4, 4, NULL, 12, 56),
(1, 201403, 9, 9, NULL, 2, 57),
(1, 201404, 5, 3, NULL, 15, 54),
(1, 201405, 7, 6, NULL, 8, 66),
(1, 201406, 5, 4, NULL, 12, 78),
(1, 201407, 7, 6, NULL, 8, 70),
(1, 201408, 4, 5, NULL, 10, 71),
(1, 201409, 16, 6, NULL, 8, 52),
(1, 201410, 7, 5, NULL, 10, 67),
(1, 201411, 5, 2, NULL, 18, 70),
(1, 201412, 4, 7, NULL, 6, 44),
(1, 201413, 7, NULL, 'DNF', 0, 28),
(1, 201414, 5, 4, NULL, 12, 60),
(2, 201301, 19, 15, NULL, 0, 57),
(2, 201302, 19, 13, NULL, 0, 55),
(2, 201303, 18, 15, NULL, 0, 55),
(2, 201304, 19, 19, NULL, 0, 56),
(2, 201305, 20, 18, NULL, 0, 64),
(2, 201306, 20, NULL, 'DNF', 0, 58),
(2, 201307, 19, 17, NULL, 0, 68),
(2, 201308, 19, 16, NULL, 0, 52),
(2, 201309, 19, NULL, 'DNF', 0, 21),
(2, 201310, 21, 16, NULL, 0, 67),
(2, 201311, 15, 18, NULL, 0, 43),
(2, 201312, 21, 19, NULL, 0, 52),
(2, 201313, 5, 18, NULL, 0, 60),
(2, 201314, 22, 16, NULL, 0, 55),
(2, 201315, 21, NULL, 'DNF', 0, 0),
(2, 201316, 19, 18, NULL, 0, 58),
(2, 201317, 21, 20, NULL, 0, 53),
(2, 201318, 19, 18, NULL, 0, 55),
(2, 201319, 21, 17, NULL, 0, 69),
(2, 201401, 18, NULL, NULL, 0, 49),
(2, 201402, 19, NULL, 'DNF', 0, 8),
(2, 201403, 19, 16, NULL, 0, 56),
(2, 201404, 19, 17, NULL, 0, 53),
(2, 201405, 18, 18, NULL, 0, 64),
(2, 201406, 21, 9, NULL, 2, 77),
(2, 201407, 19, NULL, 'DNF', 0, 0),
(2, 201408, 18, 15, NULL, 0, 69),
(2, 201409, 12, 14, NULL, 0, 51),
(2, 201410, 17, 15, NULL, 0, 66),
(2, 201411, 15, 15, NULL, 0, 69),
(2, 201412, 16, 18, 'DNF', 0, 39),
(2, 201413, 19, 18, NULL, 0, 52),
(2, 201414, 19, 16, NULL, 0, 60),
(3, 201301, 16, 14, NULL, 0, 57),
(3, 201302, 18, 11, NULL, 0, 56),
(3, 201303, 16, 13, NULL, 0, 56),
(3, 201304, 15, 14, NULL, 0, 57),
(3, 201305, 16, 16, NULL, 0, 65),
(3, 201306, 14, 12, NULL, 0, 78),
(3, 201307, 3, 14, NULL, 0, 69),
(3, 201308, 16, 12, NULL, 0, 52),
(3, 201309, 17, 16, NULL, 0, 59),
(3, 201310, 16, NULL, 'DNF', 0, 42),
(3, 201311, 20, 15, NULL, 0, 44),
(3, 201312, 18, 15, NULL, 0, 53),
(3, 201313, 22, 13, NULL, 0, 61),
(3, 201314, 17, 12, NULL, 0, 55),
(3, 201315, 13, 17, NULL, 0, 52),
(3, 201316, 15, 16, NULL, 0, 59),
(3, 201317, 15, 15, NULL, 0, 54),
(3, 201318, 9, 8, NULL, 4, 56),
(3, 201319, 13, NULL, 'DNF', 0, 45),
(3, 201401, 15, 5, NULL, 10, 57),
(3, 201402, 18, 8, NULL, 4, 56),
(3, 201403, 3, 8, NULL, 4, 57),
(3, 201404, 7, 7, NULL, 6, 54),
(3, 201405, 4, 5, NULL, 10, 66),
(3, 201406, 13, NULL, 'DNF', 0, 55),
(3, 201407, 4, 7, NULL, 6, 70),
(3, 201408, 2, 3, NULL, 15, 71),
(3, 201409, 14, 2, NULL, 18, 52),
(3, 201410, 2, 2, NULL, 18, 67),
(3, 201411, 3, 8, NULL, 4, 70),
(3, 201412, 6, 3, NULL, 15, 44),
(3, 201413, 3, 4, NULL, 12, 53),
(3, 201414, 8, 11, NULL, 0, 60),
(4, 200301, 8, 10, NULL, 0, 58),
(4, 200302, 9, 7, NULL, 2, 55),
(4, 200303, 11, NULL, 'DNF', 0, 32),
(4, 200304, 9, 8, NULL, 1, 61),
(4, 200305, 5, 9, NULL, 0, 63),
(4, 200306, 7, 4, NULL, 5, 69),
(4, 200308, 17, NULL, 'DNF', 0, 51),
(4, 200309, 12, 7, NULL, 2, 59),
(4, 200310, 14, NULL, 'DNF', 0, 21),
(4, 200311, 20, 8, NULL, 1, 60),
(4, 200312, 17, 8, NULL, 1, 66),
(4, 200313, 14, 10, NULL, 0, 69),
(4, 200314, 7, NULL, 'DNF', 0, 24),
(4, 200315, 11, NULL, 'DNF', 0, 41),
(4, 200316, 9, 4, NULL, 5, 53),
(4, 201301, 10, 9, NULL, 2, 58),
(4, 201302, 7, 17, 'DNF', 0, 53),
(4, 201303, 8, 5, NULL, 10, 56),
(4, 201304, 10, 10, NULL, 1, 57),
(4, 201305, 14, 8, NULL, 4, 66),
(4, 201306, 9, 6, NULL, 8, 78),
(4, 201307, 14, 12, NULL, 0, 69),
(4, 201308, 10, 13, NULL, 0, 52),
(4, 201309, 9, 6, NULL, 8, 60),
(4, 201310, 13, 7, NULL, 6, 70),
(4, 201311, 6, 6, NULL, 8, 44),
(4, 201312, 9, 10, NULL, 1, 53),
(4, 201313, 2, 7, NULL, 6, 61),
(4, 201314, 11, 8, NULL, 4, 55),
(4, 201315, 10, 9, NULL, 2, 53),
(4, 201316, 10, 14, NULL, 0, 59),
(4, 201317, 12, 12, NULL, 0, 55),
(4, 201318, 15, 10, NULL, 1, 56),
(4, 201319, 14, 4, NULL, 12, 71),
(4, 201401, 10, 3, NULL, 15, 57),
(4, 201402, 10, 6, NULL, 8, 56),
(4, 201403, 6, 17, NULL, 0, 55),
(4, 201404, 12, 11, NULL, 0, 53),
(4, 201405, 8, 11, NULL, 0, 65),
(4, 201406, 12, 6, NULL, 8, 77),
(4, 201407, 9, 4, NULL, 12, 70),
(4, 201408, 11, 11, NULL, 0, 71),
(4, 201409, 3, 4, NULL, 12, 52),
(4, 201410, 11, 8, NULL, 4, 67),
(4, 201411, 7, 10, NULL, 1, 70),
(4, 201412, 10, 6, NULL, 8, 44),
(4, 201413, 6, 8, NULL, 4, 53),
(4, 201414, 11, NULL, 'DNF', 0, 52),
(5, 201301, 20, 17, NULL, 0, 56),
(5, 201302, 21, 16, NULL, 0, 54),
(5, 201303, 19, 17, NULL, 0, 55),
(5, 201304, 21, 20, NULL, 0, 56),
(5, 201305, 21, 19, NULL, 0, 64),
(5, 201306, 22, 14, NULL, 0, 78),
(5, 201307, 20, 19, NULL, 0, 67),
(5, 201308, 20, 17, NULL, 0, 52),
(5, 201309, 21, 19, NULL, 0, 59),
(5, 201310, 22, 17, NULL, 0, 67),
(5, 201311, 16, 19, NULL, 0, 42),
(5, 201312, 22, 20, NULL, 0, 52),
(5, 201313, 15, 17, NULL, 0, 60),
(5, 201314, 21, 17, NULL, 0, 55),
(5, 201315, 18, 19, NULL, 0, 52),
(5, 201316, 22, 17, NULL, 0, 58),
(5, 201317, 20, 21, NULL, 0, 53),
(5, 201318, 21, 21, NULL, 0, 54),
(5, 201319, 22, 19, NULL, 0, 69),
(5, 201401, 17, 13, NULL, 0, 55),
(5, 201402, 21, 15, NULL, 0, 54),
(5, 201403, 21, 13, NULL, 0, 57),
(5, 201404, 21, 19, NULL, 0, 52),
(5, 201405, 17, 19, NULL, 0, 64),
(5, 201406, 19, 14, NULL, 0, 75),
(5, 201407, 18, NULL, 'DNF', 0, 0),
(5, 201408, 21, 17, NULL, 0, 69),
(5, 201409, 17, 16, NULL, 0, 50),
(5, 201410, 21, 17, NULL, 0, 65),
(5, 201411, 18, 16, NULL, 0, 69),
(5, 201412, 19, 16, NULL, 0, 43),
(5, 201413, 20, NULL, 'DNF', 0, 5),
(5, 201414, 21, 17, NULL, 0, 59),
(6, 201401, 19, NULL, 'DNF', 0, 27),
(6, 201402, 22, 14, NULL, 0, 54),
(6, 201403, 20, NULL, 'DNF', 0, 33),
(6, 201404, 20, 20, NULL, 0, 52),
(6, 201405, 19, 20, NULL, 0, 64),
(6, 201406, 22, 11, NULL, 0, 77),
(6, 201407, 20, NULL, 'DNF', 0, 7),
(6, 201408, 20, 18, NULL, 0, 69),
(6, 201409, 21, NULL, 'DNF', 0, 11),
(6, 201410, 22, 18, NULL, 0, 65),
(6, 201411, 19, NULL, 'DNF', 0, 7),
(6, 201412, 22, 17, NULL, 0, 43),
(6, 201413, 22, 19, NULL, 0, 51),
(6, 201414, 22, 15, NULL, 0, 60),
(7, 201301, 8, 10, NULL, 1, 58),
(7, 201302, 11, 6, NULL, 8, 56),
(7, 201303, 6, 9, NULL, 2, 56),
(7, 201304, 11, 3, NULL, 15, 57),
(7, 201305, 6, NULL, 'DNF', 0, 8),
(7, 201306, 13, NULL, 'DNF', 0, 63),
(7, 201307, 22, 13, NULL, 0, 69),
(7, 201308, 7, 19, 'DNF', 0, 51),
(7, 201309, 5, 3, NULL, 15, 60),
(7, 201310, 3, 6, NULL, 8, 70),
(7, 201311, 7, 8, NULL, 4, 44),
(7, 201312, 13, 8, NULL, 4, 53),
(7, 201313, 19, NULL, 'DNF', 0, 37),
(7, 201314, 3, 3, NULL, 15, 55),
(7, 201315, 4, 3, NULL, 15, 53),
(7, 201316, 17, 3, NULL, 15, 60),
(7, 201317, 6, 4, NULL, 12, 55),
(7, 201318, 3, 2, NULL, 18, 56),
(7, 201319, 6, NULL, 'DNF', 0, 2),
(7, 201401, 22, NULL, 'DNF', 0, 43),
(7, 201402, 15, 11, NULL, 0, 55),
(7, 201403, 16, 12, NULL, 0, 57),
(7, 201404, 10, NULL, 'DNF', 0, 28),
(7, 201405, 5, 8, NULL, 4, 65),
(7, 201406, 14, 8, NULL, 4, 77),
(7, 201407, 14, NULL, 'DNF', 0, 59),
(7, 201408, 22, 14, NULL, 0, 70),
(7, 201409, 11, 12, NULL, 0, 51),
(7, 201410, 14, NULL, 'DNF', 0, 26),
(7, 201411, 14, NULL, 'DNF', 0, 10),
(7, 201412, 15, NULL, 'DNF', 0, 33),
(7, 201413, 17, 16, NULL, 0, 52),
(7, 201414, 16, 13, NULL, 0, 60),
(8, 201301, 18, 13, NULL, 0, 57),
(8, 201302, 14, 12, NULL, 0, 55),
(8, 201303, 17, NULL, 'DNF', 0, 4),
(8, 201304, 22, 18, NULL, 0, 56),
(8, 201305, 19, 11, NULL, 0, 65),
(8, 201306, 19, 13, NULL, 0, 78),
(8, 201307, 15, 20, 'DNF', 0, 63),
(8, 201308, 17, 14, NULL, 0, 52),
(8, 201309, 14, 14, NULL, 0, 60),
(8, 201310, 17, NULL, 'DNF', 0, 28),
(8, 201311, 21, 14, NULL, 0, 44),
(8, 201312, 16, 13, NULL, 0, 53),
(8, 201313, 6, 12, NULL, 0, 61),
(8, 201314, 8, 11, NULL, 0, 55),
(8, 201315, 14, 7, NULL, 6, 53),
(8, 201316, 16, 15, NULL, 0, 59),
(8, 201317, 16, 13, NULL, 0, 55),
(8, 201318, 20, 13, NULL, 0, 56),
(8, 201319, 17, 12, NULL, 0, 70),
(8, 201401, 20, 12, NULL, 0, 56),
(8, 201402, 12, NULL, 'DNF', 0, 35),
(8, 201403, 15, NULL, 'DNF', 0, 39),
(8, 201404, 17, 16, NULL, 0, 53),
(8, 201405, 13, 16, NULL, 0, 65),
(8, 201406, 17, NULL, 'DNF', 0, 59),
(8, 201407, 22, 14, 'DNF', 0, 64),
(8, 201408, 17, 19, NULL, 0, 69),
(8, 201409, 19, NULL, 'DNF', 0, 9),
(8, 201410, 16, 14, NULL, 0, 66),
(8, 201411, 13, NULL, 'DNF', 0, 32),
(8, 201412, 20, 15, NULL, 0, 44),
(8, 201413, 15, 20, NULL, 0, 51),
(8, 201414, 14, NULL, 'DNF', 0, 17),
(9, 201301, 3, 5, NULL, 10, 58),
(9, 201302, 4, 3, NULL, 15, 56),
(9, 201303, 1, 3, NULL, 15, 56),
(9, 201304, 9, 5, NULL, 10, 57),
(9, 201305, 2, 12, NULL, 0, 65),
(9, 201306, 2, 4, NULL, 12, 78),
(9, 201307, 2, 3, NULL, 15, 70),
(9, 201308, 1, 4, NULL, 12, 52),
(9, 201309, 1, 5, NULL, 10, 60),
(9, 201310, 1, 1, NULL, 25, 70),
(9, 201311, 1, 3, NULL, 15, 44),
(9, 201312, 12, 9, NULL, 2, 53),
(9, 201313, 10, 5, NULL, 10, 61),
(9, 201314, 2, 5, NULL, 10, 55),
(9, 201315, 3, NULL, 'DNF', 0, 7),
(9, 201316, 3, 6, NULL, 8, 60),
(9, 201317, 4, 7, NULL, 6, 55),
(9, 201318, 5, 4, NULL, 12, 56),
(9, 201319, 5, 9, NULL, 2, 71),
(9, 201401, 1, NULL, 'DNF', 0, 2),
(9, 201402, 1, 1, NULL, 25, 56),
(9, 201403, 2, 1, NULL, 25, 57),
(9, 201404, 1, 1, NULL, 25, 54),
(9, 201405, 1, 1, NULL, 25, 66),
(9, 201406, 2, 2, NULL, 18, 78),
(9, 201407, 2, NULL, 'DNF', 0, 46),
(9, 201408, 9, 2, NULL, 18, 71),
(9, 201409, 6, 1, NULL, 25, 52),
(9, 201410, 20, 3, NULL, 15, 67),
(9, 201411, 22, 3, NULL, 15, 70),
(9, 201412, 2, NULL, 'DNF', 0, 38),
(9, 201413, 1, 1, NULL, 25, 53),
(9, 201414, 1, 1, NULL, 25, 60),
(10, 201301, 11, NULL, 'DNS', 0, 0),
(10, 201302, 12, 8, NULL, 4, 56),
(10, 201303, 10, 10, NULL, 1, 56),
(10, 201304, 14, 12, NULL, 0, 57),
(10, 201305, 15, 15, NULL, 0, 65),
(10, 201306, 11, 11, NULL, 0, 78),
(10, 201307, 9, NULL, 'DNF', 0, 45),
(10, 201308, 14, 10, NULL, 1, 52),
(10, 201309, 10, 10, NULL, 1, 60),
(10, 201310, 12, 11, NULL, 0, 69),
(10, 201311, 11, 13, NULL, 0, 44),
(10, 201312, 3, 5, NULL, 10, 53),
(10, 201313, 18, 9, NULL, 2, 61),
(10, 201314, 7, 4, NULL, 12, 55),
(10, 201315, 7, 6, NULL, 8, 53),
(10, 201316, 7, 19, 'DNF', 0, 54),
(10, 201317, 5, 14, NULL, 0, 54),
(10, 201318, 4, 6, NULL, 8, 56),
(10, 201319, 10, 8, NULL, 4, 71),
(10, 201401, 7, 6, NULL, 8, 57),
(10, 201402, 7, 5, NULL, 10, 56),
(10, 201403, 11, 5, NULL, 10, 57),
(10, 201404, 8, 6, NULL, 8, 54),
(10, 201405, 10, 10, NULL, 1, 65),
(10, 201406, 11, 5, NULL, 10, 77),
(10, 201407, 11, 5, NULL, 10, 70),
(10, 201408, 10, 9, NULL, 2, 71),
(10, 201409, 4, 8, NULL, 4, 52),
(10, 201410, 9, 7, NULL, 6, 67),
(10, 201411, 9, NULL, 'DNF', 0, 14),
(10, 201412, 18, 10, NULL, 1, 44),
(10, 201413, 13, 12, NULL, 0, 53),
(10, 201414, 13, 9, NULL, 2, 60),
(11, 201401, 14, NULL, 'DNF', 0, 0),
(11, 201402, 20, 13, NULL, 0, 55),
(11, 201403, 18, 15, NULL, 0, 57),
(11, 201404, 18, 18, NULL, 0, 53),
(11, 201405, 20, NULL, 'DNF', 0, 34),
(11, 201406, 20, 13, NULL, 0, 75),
(11, 201407, 21, NULL, 'DNF', 0, 23),
(11, 201408, 19, 16, NULL, 0, 69),
(11, 201409, 22, 15, NULL, 0, 50),
(11, 201410, 19, 16, NULL, 0, 65),
(11, 201411, 17, NULL, 'DNF', 0, 24),
(11, 201413, 18, 17, NULL, 0, 52),
(11, 201414, 20, NULL, 'DNS', 0, 0),
(12, 201401, 8, 9, NULL, 2, 57),
(12, 201402, 11, 10, NULL, 1, 55),
(12, 201403, 12, 11, NULL, 0, 57),
(12, 201404, 13, 10, NULL, 1, 53),
(12, 201405, 12, 14, NULL, 0, 65),
(12, 201406, 9, NULL, 'DNF', 0, 10),
(12, 201407, 15, NULL, 'DNF', 0, 47),
(12, 201408, 7, NULL, 'DNF', 0, 24),
(12, 201409, 9, 9, NULL, 2, 52),
(12, 201410, 8, NULL, 'DNF', 0, 44),
(12, 201411, 10, 14, NULL, 0, 69),
(12, 201412, 11, 9, NULL, 2, 44),
(12, 201413, 21, 11, NULL, 0, 53),
(12, 201414, 10, 14, NULL, 0, 60),
(13, 201412, 21, NULL, 'DNF', 0, 1),
(14, 201401, 4, 2, NULL, 18, 57),
(14, 201402, 8, 9, NULL, 2, 55),
(14, 201403, 8, NULL, 'DNF', 0, 40),
(14, 201404, 15, 13, NULL, 0, 53),
(14, 201405, 14, 12, NULL, 0, 65),
(14, 201406, 8, 10, NULL, 1, 77),
(14, 201407, 12, 9, NULL, 2, 70),
(14, 201408, 6, 7, NULL, 6, 71),
(14, 201409, 5, 7, NULL, 6, 52),
(14, 201410, 4, 9, NULL, 2, 66),
(14, 201411, 21, 12, NULL, 0, 70),
(14, 201412, 7, 12, NULL, 0, 44),
(14, 201413, 5, 10, NULL, 1, 53),
(14, 201414, 9, 10, NULL, 1, 60),
(15, 201301, 17, NULL, 'DNF', 0, 24),
(15, 201302, 16, NULL, 'DNF', 0, 45),
(15, 201303, 14, 14, NULL, 0, 56),
(15, 201304, 17, 11, NULL, 0, 57),
(15, 201305, 17, 14, NULL, 0, 65),
(15, 201306, 16, NULL, 'DNF', 0, 44),
(15, 201307, 13, 16, NULL, 0, 68),
(15, 201308, 15, 11, NULL, 0, 52),
(15, 201309, 18, 15, NULL, 0, 60),
(15, 201310, 15, 10, NULL, 1, 69),
(15, 201311, 17, 17, NULL, 0, 43),
(15, 201312, 14, 14, NULL, 0, 53),
(15, 201313, 12, 11, NULL, 0, 61),
(15, 201314, 18, 13, NULL, 0, 55),
(15, 201315, 15, 16, NULL, 0, 52),
(15, 201316, 18, 12, NULL, 0, 60),
(15, 201317, 14, 11, NULL, 0, 55),
(15, 201318, 17, 17, NULL, 0, 55),
(15, 201319, 16, 16, NULL, 0, 70),
(15, 201401, 21, NULL, 'DNF', 0, 29),
(15, 201402, 16, NULL, 'DNF', 0, 7),
(15, 201403, 17, 14, NULL, 0, 57),
(15, 201404, 22, 14, NULL, 0, 53),
(15, 201405, 22, 15, NULL, 0, 65),
(15, 201406, 15, NULL, 'DNS', 0, 0),
(15, 201407, 17, NULL, 'DNF', 0, 21),
(15, 201408, 13, 12, NULL, 0, 70),
(15, 201409, 20, 17, 'DNF', 0, 49),
(15, 201410, 18, 12, NULL, 0, 66),
(15, 201411, 20, 13, NULL, 0, 70),
(15, 201412, 17, NULL, 'DNF', 0, 1),
(15, 201413, 16, 14, NULL, 0, 52),
(15, 201414, 18, 12, NULL, 0, 60),
(16, 201301, 4, 4, NULL, 12, 58),
(16, 201302, 2, 5, NULL, 10, 56),
(16, 201303, 5, 6, NULL, 8, 56),
(16, 201304, 4, 15, NULL, 0, 57),
(16, 201305, 9, 3, NULL, 15, 66),
(16, 201306, 21, NULL, 'DNF', 0, 28),
(16, 201307, 16, 8, NULL, 4, 69),
(16, 201308, 11, 6, NULL, 8, 52),
(16, 201309, 7, NULL, 'DNF', 0, 3),
(16, 201310, 7, 8, NULL, 4, 70),
(16, 201311, 10, 7, NULL, 6, 44),
(16, 201312, 4, 4, NULL, 12, 53),
(16, 201313, 8, 6, NULL, 8, 61),
(16, 201314, 6, 9, NULL, 2, 55),
(16, 201315, 5, 10, NULL, 1, 53),
(16, 201316, 5, 4, NULL, 12, 60),
(16, 201317, 7, 8, NULL, 4, 55),
(16, 201318, 13, 12, NULL, 0, 56),
(16, 201319, 9, 7, NULL, 6, 71),
(16, 201401, 9, NULL, 'DNF', 0, 0),
(16, 201402, 13, 7, NULL, 6, 56),
(16, 201403, 7, 7, NULL, 6, 57),
(16, 201404, 6, 15, NULL, 0, 53),
(16, 201405, 9, 13, NULL, 0, 65),
(16, 201406, 16, 7, NULL, 6, 77),
(16, 201407, 5, 12, NULL, 0, 69),
(16, 201408, 1, 4, NULL, 12, 71),
(16, 201409, 15, NULL, 'DNF', 0, 0),
(16, 201410, 3, NULL, 'DNF', 0, 0),
(16, 201411, 6, 5, NULL, 10, 70),
(16, 201412, 9, 13, NULL, 0, 44),
(16, 201413, 4, 3, NULL, 15, 53),
(16, 201414, 6, 5, NULL, 10, 60),
(17, 201301, 15, 11, NULL, 0, 58),
(17, 201302, 9, 9, NULL, 2, 56),
(17, 201303, 12, 11, NULL, 0, 56),
(17, 201304, 12, 6, NULL, 8, 57),
(17, 201305, 8, 9, NULL, 2, 66),
(17, 201306, 7, 16, 'DNF', 0, 72),
(17, 201307, 12, 11, NULL, 0, 69),
(17, 201308, 13, 20, 'DNF', 0, 46),
(17, 201309, 13, 8, NULL, 4, 60),
(17, 201310, 9, 9, NULL, 2, 69),
(17, 201311, 13, 11, NULL, 0, 44),
(17, 201312, 8, 12, NULL, 0, 53),
(17, 201313, 21, 8, NULL, 4, 61),
(17, 201314, 10, 10, NULL, 1, 55),
(17, 201315, 11, 15, NULL, 0, 52),
(17, 201316, 9, 5, NULL, 10, 60),
(17, 201317, 8, 9, NULL, 2, 55),
(17, 201318, 7, 7, NULL, 6, 56),
(17, 201319, 19, 6, NULL, 8, 71),
(17, 201401, 16, 10, NULL, 1, 57),
(17, 201402, 14, NULL, 'DNS', 0, 0),
(17, 201403, 4, 3, NULL, 15, 57),
(17, 201404, 16, 9, NULL, 2, 54),
(17, 201405, 11, 9, NULL, 2, 65),
(17, 201406, 10, NULL, 'DNF', 0, 0),
(17, 201407, 13, 11, NULL, 0, 69),
(17, 201408, 15, 6, NULL, 8, 71),
(17, 201409, 7, 11, NULL, 0, 51),
(17, 201410, 10, 10, NULL, 1, 66),
(17, 201411, 12, NULL, 'DNF', 0, 22),
(17, 201412, 13, 8, NULL, 4, 44),
(17, 201413, 10, 7, NULL, 6, 53),
(17, 201414, 15, 7, NULL, 6, 60),
(18, 200301, 15, 3, NULL, 6, 58),
(18, 200302, 7, 1, NULL, 10, 56),
(18, 200303, 4, 2, NULL, 8, 54),
(18, 200304, 6, 2, NULL, 8, 62),
(18, 200305, 20, NULL, 'DNF', 0, 0),
(18, 200306, 2, 2, NULL, 8, 69),
(18, 200307, 2, 2, NULL, 8, 78),
(18, 200308, 20, 6, NULL, 3, 70),
(18, 200309, 1, NULL, 'DNF', 0, 25),
(18, 200310, 4, 4, NULL, 5, 70),
(18, 200311, 3, 3, NULL, 6, 60),
(18, 200312, 5, NULL, 'DNF', 0, 0),
(18, 200313, 7, 2, NULL, 8, 70),
(18, 200314, 4, 4, NULL, 5, 53),
(18, 200315, 1, 2, NULL, 8, 73),
(18, 200316, 8, 2, NULL, 8, 53),
(18, 201301, 7, 1, NULL, 25, 58),
(18, 201302, 10, 7, NULL, 6, 56),
(18, 201303, 2, 2, NULL, 18, 56),
(18, 201304, 8, 2, NULL, 18, 57),
(18, 201305, 4, 2, NULL, 18, 66),
(18, 201306, 5, 10, NULL, 1, 78),
(18, 201307, 10, 9, NULL, 2, 69),
(18, 201308, 8, 5, NULL, 10, 52),
(18, 201309, 4, 2, NULL, 18, 60),
(18, 201310, 6, 2, NULL, 18, 70),
(18, 201311, 8, NULL, 'DNF', 0, 25),
(18, 201312, 11, 11, NULL, 0, 53),
(18, 201313, 11, 3, NULL, 15, 61),
(18, 201314, 9, 2, NULL, 18, 55),
(18, 201315, 9, 5, NULL, 10, 53),
(18, 201316, 6, 7, NULL, 6, 60),
(18, 201317, 22, NULL, 'DNF', 0, 0),
(18, 201401, 11, 7, NULL, 6, 57),
(18, 201402, 6, 12, NULL, 0, 55),
(18, 201403, 5, 10, NULL, 1, 57),
(18, 201404, 11, 8, NULL, 4, 54),
(18, 201405, 6, 7, NULL, 6, 65),
(18, 201406, 6, 12, NULL, 0, 77),
(18, 201407, 10, 10, NULL, 1, 70),
(18, 201408, 8, 10, NULL, 1, 71),
(18, 201409, 18, NULL, 'DNF', 0, 0),
(18, 201410, 12, 11, NULL, 0, 66),
(18, 201411, 16, 6, NULL, 8, 70),
(18, 201412, 8, 4, NULL, 12, 44),
(18, 201413, 11, 9, NULL, 2, 53),
(18, 201414, 7, 8, NULL, 4, 60),
(19, 201301, 14, NULL, 'DNF', 0, 39),
(19, 201302, 13, 18, 'DNF', 0, 51),
(19, 201303, 7, 7, NULL, 6, 56),
(19, 201304, 13, 16, NULL, 0, 56),
(19, 201305, 11, 10, NULL, 1, 65),
(19, 201306, 12, NULL, 'DNF', 0, 61),
(19, 201307, 11, 15, NULL, 0, 68),
(19, 201308, 5, 8, NULL, 4, 52),
(19, 201309, 6, 12, NULL, 0, 60),
(19, 201310, 8, 13, NULL, 0, 69),
(19, 201311, 19, 10, NULL, 1, 44),
(19, 201312, 7, 7, NULL, 6, 53),
(19, 201313, 7, NULL, 'DNF', 0, 23),
(19, 201314, 12, 19, 'DNF', 0, 52),
(19, 201315, 16, 13, NULL, 0, 52),
(19, 201316, 11, 10, NULL, 1, 60),
(19, 201317, 9, 16, NULL, 0, 54),
(19, 201318, 10, 11, NULL, 0, 56),
(19, 201319, 7, 10, NULL, 1, 70),
(19, 201401, 2, NULL, 'DQ', 0, 57),
(19, 201402, 5, NULL, 'DNF', 0, 49),
(19, 201403, 13, 4, NULL, 12, 57),
(19, 201404, 2, 4, NULL, 12, 54),
(19, 201405, 3, 3, NULL, 15, 66),
(19, 201406, 3, 3, NULL, 15, 78),
(19, 201407, 6, 1, NULL, 25, 70),
(19, 201408, 5, 8, NULL, 4, 71),
(19, 201409, 8, 3, NULL, 15, 52),
(19, 201410, 5, 6, NULL, 8, 67),
(19, 201411, 4, 1, NULL, 25, 70),
(19, 201412, 5, 1, NULL, 25, 44),
(19, 201413, 9, 5, NULL, 10, 53),
(19, 201414, 3, 3, NULL, 15, 60),
(20, 201301, 6, NULL, 'DNF', 0, 26),
(20, 201302, 6, 4, NULL, 12, 56),
(20, 201303, 4, NULL, 'DNF', 0, 21),
(20, 201304, 1, 9, NULL, 2, 57),
(20, 201305, 1, 6, NULL, 8, 66),
(20, 201306, 1, 1, NULL, 25, 78),
(20, 201307, 4, 5, NULL, 10, 70),
(20, 201308, 2, 1, NULL, 25, 52),
(20, 201309, 11, 9, NULL, 2, 60),
(20, 201310, 4, 19, 'DNF', 0, 64),
(20, 201311, 4, 4, NULL, 12, 44),
(20, 201312, 6, 6, NULL, 8, 53),
(20, 201313, 16, 4, NULL, 12, 61),
(20, 201314, 4, 7, NULL, 6, 55),
(20, 201315, 6, 8, NULL, 4, 53),
(20, 201316, 2, 2, NULL, 18, 60),
(20, 201317, 3, 3, NULL, 15, 55),
(20, 201318, 12, 9, NULL, 2, 56),
(20, 201319, 2, 5, NULL, 10, 71),
(20, 201401, 3, 1, NULL, 25, 57),
(20, 201402, 3, 2, NULL, 18, 56),
(20, 201403, 1, 2, NULL, 18, 57),
(20, 201404, 4, 2, NULL, 18, 54),
(20, 201405, 2, 2, NULL, 18, 66),
(20, 201406, 1, 1, NULL, 25, 78),
(20, 201407, 1, 2, NULL, 18, 70),
(20, 201408, 3, 1, NULL, 25, 71),
(20, 201409, 1, NULL, 'DNF', 0, 28),
(20, 201410, 1, 1, NULL, 25, 67),
(20, 201411, 1, 4, NULL, 12, 70),
(20, 201412, 1, 2, NULL, 18, 44),
(20, 201413, 2, 2, NULL, 18, 53),
(20, 201414, 2, NULL, 'DNF', 0, 13),
(21, 201301, 12, 7, NULL, 6, 58),
(21, 201302, 8, NULL, 'DNF', 0, 27),
(21, 201303, 13, NULL, 'DNF', 0, 5),
(21, 201304, 6, 13, NULL, 0, 57),
(21, 201305, 13, 13, NULL, 0, 65),
(21, 201306, 8, 5, NULL, 10, 78),
(21, 201307, 8, 10, NULL, 1, 69),
(21, 201308, 6, 7, NULL, 6, 52),
(21, 201309, 15, 13, NULL, 0, 60),
(21, 201310, 11, NULL, 'DNF', 0, 19),
(21, 201311, 12, 9, NULL, 2, 44),
(21, 201312, 17, 16, NULL, 0, 52),
(21, 201313, 1, 10, NULL, 1, 61),
(21, 201314, 14, 20, 'DNF', 0, 50),
(21, 201315, 22, 14, NULL, 0, 52),
(21, 201316, 13, 9, NULL, 2, 60),
(21, 201317, 17, 10, NULL, 1, 55),
(21, 201318, 16, NULL, 'DNF', 0, 0),
(21, 201319, 15, 13, NULL, 0, 70),
(21, 201401, 13, 11, NULL, 0, 56),
(21, 201402, 17, NULL, 'DNF', 0, 32),
(21, 201403, 22, NULL, 'DNF', 0, 17),
(21, 201404, 14, NULL, 'DNF', 0, 5),
(21, 201405, 16, 17, NULL, 0, 65),
(21, 201406, 18, NULL, 'DNF', 0, 23),
(21, 201407, 16, 13, NULL, 0, 69),
(21, 201408, 16, 13, NULL, 0, 70),
(21, 201409, 13, 13, NULL, 0, 51),
(21, 201410, 15, NULL, 'DNF', 0, 47),
(21, 201411, 11, 11, NULL, 0, 70),
(21, 201412, 14, 14, NULL, 0, 44),
(21, 201413, 14, 15, NULL, 0, 52),
(21, 201414, 17, NULL, 'DNF', 0, 40),
(22, 201301, 13, 12, NULL, 0, 58),
(22, 201302, 17, 10, NULL, 1, 56),
(22, 201303, 15, 12, NULL, 0, 56),
(22, 201304, 16, NULL, 'DNF', 0, 16),
(22, 201305, 12, NULL, 'DNF', 0, 52),
(22, 201306, 10, 8, NULL, 4, 78),
(22, 201307, 7, 6, NULL, 8, 69),
(22, 201308, 12, NULL, 'DNF', 0, 35),
(22, 201309, 16, NULL, 'DNF', 0, 22),
(22, 201310, 14, 12, NULL, 0, 69),
(22, 201311, 18, 12, NULL, 0, 44),
(22, 201312, 10, NULL, 'DNF', 0, 14),
(22, 201313, 3, 14, NULL, 0, 61),
(22, 201314, 16, 18, 'DNF', 0, 53),
(22, 201315, 17, 12, NULL, 0, 52),
(22, 201316, 14, 13, NULL, 0, 59),
(22, 201317, 13, 17, NULL, 0, 54),
(22, 201318, 14, 16, NULL, 0, 56),
(22, 201319, 8, 15, NULL, 0, 70),
(22, 201401, 6, 8, NULL, 4, 57),
(22, 201402, 9, NULL, 'DNF', 0, 18),
(22, 201403, 14, NULL, 'DNF', 0, 18),
(22, 201404, 9, 12, NULL, 0, 53),
(22, 201405, 21, NULL, 'DNF', 0, 24),
(22, 201406, 7, NULL, 'DNF', 0, 50),
(22, 201407, 8, 8, NULL, 4, 70),
(22, 201408, 14, NULL, 'DNF', 0, 59),
(22, 201409, 10, 10, NULL, 1, 51),
(22, 201410, 13, 13, NULL, 0, 66),
(22, 201411, 8, 9, NULL, 2, 70),
(22, 201412, 12, 11, NULL, 0, 44),
(22, 201413, 12, 13, NULL, 0, 53),
(22, 201414, 12, 6, NULL, 8, 60),
(23, 201301, 1, 3, NULL, 15, 58),
(23, 201302, 1, 1, NULL, 25, 56),
(23, 201303, 9, 4, NULL, 12, 56),
(23, 201304, 2, 1, NULL, 25, 57),
(23, 201305, 3, 4, NULL, 12, 66),
(23, 201306, 3, 2, NULL, 18, 78),
(23, 201307, 1, 1, NULL, 25, 70),
(23, 201308, 3, NULL, 'DNF', 0, 41),
(23, 201309, 2, 1, NULL, 25, 60),
(23, 201310, 2, 3, NULL, 15, 70),
(23, 201311, 2, 1, NULL, 25, 44),
(23, 201312, 1, 1, NULL, 25, 53),
(23, 201313, 20, 1, NULL, 25, 61),
(23, 201314, 1, 1, NULL, 25, 55),
(23, 201315, 2, 1, NULL, 25, 53),
(23, 201316, 1, 1, NULL, 25, 60),
(23, 201317, 2, 1, NULL, 25, 55),
(23, 201318, 1, 1, NULL, 25, 56),
(23, 201319, 1, 1, NULL, 25, 71),
(23, 201401, 12, NULL, 'DNF', 0, 3),
(23, 201402, 2, 3, NULL, 15, 56),
(23, 201403, 10, 6, NULL, 8, 57),
(23, 201404, 3, 5, NULL, 10, 54),
(23, 201405, 15, 4, NULL, 12, 66),
(23, 201406, 4, NULL, 'DNF', 0, 5),
(23, 201407, 3, 3, NULL, 15, 70),
(23, 201408, 12, NULL, 'DNF', 0, 34),
(23, 201409, 2, 5, NULL, 10, 52),
(23, 201410, 6, 4, NULL, 12, 67),
(23, 201411, 2, 7, NULL, 6, 70),
(23, 201412, 3, 5, NULL, 10, 44),
(23, 201413, 8, 6, NULL, 8, 53),
(23, 201414, 4, 2, NULL, 18, 60),
(24, 200301, 1, 4, NULL, 5, 58),
(24, 200302, 3, 6, NULL, 3, 55),
(24, 200303, 7, NULL, 'DNF', 0, 26),
(24, 200304, 1, 1, NULL, 10, 62),
(24, 200305, 1, 1, NULL, 10, 65),
(24, 200306, 1, 1, NULL, 10, 69),
(24, 200307, 5, 3, NULL, 6, 78),
(24, 200308, 3, 1, NULL, 10, 70),
(24, 200309, 2, 5, NULL, 4, 60),
(24, 200310, 3, 3, NULL, 6, 70),
(24, 200311, 5, 4, NULL, 5, 60),
(24, 200312, 6, 7, NULL, 2, 66),
(24, 200313, 8, 8, NULL, 1, 69),
(24, 200314, 1, 1, NULL, 10, 53),
(24, 200315, 7, 1, NULL, 10, 73),
(24, 200316, 14, 8, NULL, 1, 53),
(25, 200301, 3, 2, NULL, 8, 58),
(25, 200302, 8, 12, NULL, 0, 53),
(25, 200303, 9, NULL, 'DNF', 0, 24),
(25, 200304, 4, 7, NULL, 2, 62),
(25, 200305, 9, 4, NULL, 5, 65),
(25, 200306, 3, NULL, 'DNF', 0, 32),
(25, 200307, 3, 1, NULL, 10, 78),
(25, 200308, 2, 3, NULL, 6, 70),
(25, 200309, 4, 2, NULL, 8, 60),
(25, 200310, 2, 2, NULL, 8, 70),
(25, 200311, 7, 2, NULL, 8, 60),
(25, 200312, 1, 1, NULL, 10, 67),
(25, 200313, 4, 3, NULL, 6, 70),
(25, 200314, 2, 2, NULL, 8, 53),
(25, 200315, 4, 6, NULL, 3, 72),
(25, 200316, 2, NULL, 'DNF', 0, 9),
(27, 200301, 2, NULL, 'DNF', 0, 5),
(27, 200302, 5, 2, NULL, 8, 56),
(27, 200303, 1, NULL, 'DNF', 0, 46),
(27, 200304, 3, 3, NULL, 6, 62),
(27, 200305, 2, 3, NULL, 6, 65),
(27, 200306, 5, 3, NULL, 6, 69),
(27, 200307, 7, 8, NULL, 1, 78),
(27, 200308, 5, 5, NULL, 4, 70),
(27, 200309, 5, 3, NULL, 6, 60),
(27, 200310, 8, 7, NULL, 2, 69),
(27, 200311, 1, 1, NULL, 10, 60),
(27, 200312, 3, NULL, 'DNF', 0, 0),
(27, 200313, 5, NULL, 'DNF', 0, 19),
(27, 200314, 3, 3, NULL, 6, 53),
(27, 200315, 2, NULL, 'DNF', 0, 2),
(27, 200316, 1, 1, NULL, 10, 53),
(28, 200301, 14, NULL, 'DNF', 0, 15),
(28, 200302, 16, NULL, 'DNF', 0, 35),
(28, 200303, 3, 9, 'DNF', 0, 53),
(28, 200304, 5, NULL, 'DNF', 0, 54),
(28, 200305, 12, 7, NULL, 2, 64),
(28, 200306, 17, 7, NULL, 2, 68),
(28, 200307, 9, NULL, 'DNF', 0, 16),
(28, 200308, 6, 7, NULL, 2, 69),
(28, 200309, 11, 6, NULL, 3, 59),
(28, 200310, 9, 6, NULL, 3, 70),
(28, 200311, 11, 14, NULL, 0, 59),
(28, 200312, 11, 11, 'DNF', 0, 64),
(28, 200313, 3, 6, NULL, 3, 70),
(28, 200314, 11, 7, NULL, 2, 52),
(28, 200315, 14, NULL, 'DNF', 0, 21),
(28, 200316, 6, 11, NULL, 0, 53),
(28, 201301, 2, 6, NULL, 8, 58),
(28, 201302, 5, 2, NULL, 18, 56),
(28, 201303, 22, NULL, 'DNF', 0, 15),
(28, 201304, 7, 7, NULL, 6, 57),
(28, 201305, 7, 5, NULL, 10, 66),
(28, 201306, 4, 3, NULL, 15, 78),
(28, 201307, 5, 4, NULL, 12, 70),
(28, 201308, 4, 2, NULL, 18, 52),
(28, 201309, 3, 7, NULL, 6, 60),
(28, 201310, 10, 4, NULL, 12, 70),
(28, 201311, 3, 5, NULL, 10, 44),
(28, 201312, 2, 3, NULL, 15, 53),
(28, 201313, 17, 15, NULL, 0, 60),
(28, 201314, 13, NULL, 'DNF', 0, 36),
(28, 201315, 1, 2, NULL, 18, 53),
(28, 201316, 4, NULL, 'DNF', 0, 39),
(28, 201317, 1, 2, NULL, 18, 55),
(28, 201318, 2, 3, NULL, 15, 56),
(28, 201319, 4, 2, NULL, 18, 71),
(32, 200301, 9, 8, NULL, 1, 58),
(32, 200302, 17, 4, NULL, 5, 56),
(32, 200303, 6, 7, NULL, 2, 54),
(32, 200304, 2, 4, NULL, 5, 62),
(32, 200305, 7, 5, NULL, 4, 64),
(32, 200306, 10, 6, NULL, 3, 68),
(32, 200307, 1, 4, NULL, 5, 78),
(32, 200308, 1, 2, NULL, 8, 70),
(32, 200309, 3, 1, NULL, 10, 60),
(32, 200310, 1, 1, NULL, 10, 70),
(32, 200311, 4, 9, NULL, 0, 60),
(32, 200312, 2, NULL, 'DNF', 0, 1),
(32, 200313, 2, 4, NULL, 5, 70),
(32, 200314, 5, 5, NULL, 4, 53),
(32, 200315, 5, NULL, 'DNF', 0, 21),
(32, 200316, 20, 12, NULL, 0, 52),
(34, 201301, 22, 16, NULL, 0, 56),
(34, 201302, 20, 14, NULL, 0, 55),
(34, 201303, 20, 16, NULL, 0, 55),
(34, 201304, 18, 17, NULL, 0, 56),
(34, 201305, 22, 17, NULL, 0, 65),
(34, 201306, 18, NULL, 'DNF', 0, 7),
(34, 201307, 18, 18, NULL, 0, 67),
(34, 201308, 18, 15, NULL, 0, 52),
(34, 201309, 22, 17, NULL, 0, 59),
(34, 201310, 19, 15, NULL, 0, 68),
(34, 201311, 22, NULL, 'DNF', 0, 8),
(34, 201312, 20, 17, NULL, 0, 52),
(34, 201313, 4, 19, NULL, 0, 60),
(34, 201314, 19, 14, NULL, 0, 55),
(34, 201315, 20, 18, NULL, 0, 52),
(34, 201316, 21, NULL, 'DNF', 0, 35),
(34, 201317, 19, 19, NULL, 0, 54),
(34, 201318, 22, 20, NULL, 0, 55),
(34, 201319, 18, NULL, 'DNF', 0, 58),
(39, 201301, 21, 18, NULL, 0, 56),
(39, 201302, 22, 15, NULL, 0, 55),
(39, 201303, 21, 18, NULL, 0, 55),
(39, 201304, 20, 21, NULL, 0, 55),
(39, 201305, 18, NULL, 'DNF', 0, 21),
(39, 201306, 15, 15, NULL, 0, 78),
(39, 201307, 21, NULL, 'DNF', 0, 43),
(39, 201308, 22, 18, NULL, 0, 52),
(39, 201309, 20, 18, NULL, 0, 59),
(39, 201310, 20, 14, NULL, 0, 68),
(39, 201311, 14, 16, NULL, 0, 43),
(39, 201312, 19, 18, NULL, 0, 52),
(39, 201313, 13, 16, NULL, 0, 60),
(39, 201314, 20, 15, NULL, 0, 55),
(39, 201315, 19, NULL, 'DNF', 0, 0),
(39, 201316, 20, NULL, 'DNF', 0, 1),
(39, 201317, 18, 18, NULL, 0, 54),
(39, 201318, 18, 19, NULL, 0, 55),
(39, 201319, 20, 18, NULL, 0, 69),
(49, 200301, 6, 9, NULL, 0, 58),
(49, 200302, 12, NULL, 'DNF', 0, 0),
(49, 200303, 13, 6, NULL, 3, 54),
(49, 200304, 7, NULL, 'DNF', 0, 19),
(49, 200305, 11, NULL, 'DNF', 0, 12),
(49, 200306, 12, 12, NULL, 0, 68),
(49, 200307, 11, NULL, 'DNF', 0, 63),
(49, 200308, 14, NULL, 'DNF', 0, 14),
(49, 200309, 17, NULL, 'DNF', 0, 51),
(49, 200310, 12, 9, NULL, 0, 69),
(49, 200311, 9, 10, NULL, 0, 60),
(49, 200312, 13, 9, NULL, 0, 65),
(49, 200313, 16, NULL, 'DNF', 0, 14),
(49, 200314, 10, 6, NULL, 3, 52),
(49, 200315, 12, NULL, 'DNF', 0, 63),
(49, 200316, 13, 6, NULL, 3, 53),
(75, 201301, 9, 8, NULL, 4, 58),
(75, 201302, 15, NULL, 'DNF', 0, 22),
(75, 201303, 11, 8, NULL, 4, 56),
(75, 201304, 5, 4, NULL, 12, 57),
(75, 201305, 10, 7, NULL, 6, 66),
(75, 201306, 17, 9, NULL, 2, 78),
(75, 201307, 17, 7, NULL, 6, 69),
(75, 201308, 21, 9, NULL, 2, 52),
(75, 201309, 12, 11, NULL, 0, 60),
(75, 201310, 18, 18, 'DNF', 0, 66),
(75, 201311, 5, NULL, 'DNF', 0, 26),
(75, 201312, 15, NULL, 'DNF', 0, 0),
(75, 201313, 9, 20, 'DNF', 0, 54),
(75, 201314, 15, NULL, 'DNF', 0, 24),
(75, 201315, 12, 11, NULL, 0, 53),
(75, 201316, 12, 8, NULL, 4, 60),
(75, 201317, 11, 6, NULL, 8, 55),
(75, 201318, 11, 15, NULL, 0, 56),
(75, 201319, 12, 11, NULL, 0, 70),
(76, 201318, 8, 14, NULL, 0, 56),
(76, 201319, 11, 14, NULL, 0, 70),
(84, 200301, 11, 1, NULL, 10, 58),
(84, 200302, 4, NULL, 'DNF', 0, 2),
(84, 200303, 2, 4, NULL, 5, 54),
(84, 200304, 12, 5, NULL, 4, 62),
(84, 200305, 8, NULL, 'DNF', 0, 17),
(84, 200306, 14, 5, NULL, 4, 69),
(84, 200307, 6, 7, NULL, 2, 78),
(84, 200308, 11, NULL, 'DNF', 0, 47),
(84, 200309, 9, 15, 'DNF', 0, 56),
(84, 200310, 5, 5, NULL, 4, 70),
(84, 200311, 12, 5, NULL, 4, 60),
(84, 200312, 10, 2, NULL, 8, 67),
(84, 200313, 9, 5, NULL, 4, 70),
(84, 200314, 8, NULL, 'DNF', 0, 45),
(84, 200315, 8, NULL, 'DNF', 0, 45),
(84, 200316, 7, 3, NULL, 6, 53),
(85, 200301, 12, 5, NULL, 4, 58),
(85, 200302, 2, 5, NULL, 4, 55),
(85, 200303, 5, 8, NULL, 1, 54),
(85, 200304, 16, 13, NULL, 0, 61),
(85, 200305, 4, NULL, 'DNF', 0, 0),
(85, 200306, 6, 8, NULL, 1, 68),
(85, 200307, 4, 6, NULL, 3, 78),
(85, 200308, 8, NULL, 'DNF', 0, 22),
(85, 200309, 6, NULL, 'DNF', 0, 37),
(85, 200310, 6, NULL, 'DNF', 0, 45),
(85, 200311, 2, 6, NULL, 3, 60),
(85, 200312, 4, 3, NULL, 6, 67),
(85, 200313, 6, 7, NULL, 2, 69),
(85, 200314, 6, NULL, 'DNF', 0, 0),
(85, 200315, 10, 4, NULL, 5, 73),
(85, 200316, 19, 5, NULL, 4, 53),
(86, 200301, 4, 6, NULL, 3, 58),
(86, 200302, 13, 9, NULL, 0, 55),
(86, 200303, 14, 5, NULL, 4, 54),
(86, 200304, 14, 11, NULL, 0, 61),
(86, 200305, 10, NULL, 'DNF', 0, 38),
(86, 200306, 15, NULL, NULL, 0, 0),
(86, 200307, 15, NULL, 'DNF', 0, 0),
(86, 200308, 10, NULL, 'DNF', 0, 6),
(86, 200309, 15, 9, NULL, 0, 59),
(86, 200310, 16, 12, NULL, 0, 68),
(86, 200311, 14, 12, NULL, 0, 60),
(86, 200312, 14, NULL, 'DNF', 0, 1),
(86, 200313, 17, NULL, 'DNF', 0, 47),
(86, 200314, 14, 13, 'DNF', 0, 50),
(86, 200315, 15, 3, NULL, 6, 73),
(86, 200316, 12, NULL, 'DNF', 0, 9),
(88, 200301, 19, 11, NULL, 0, 57),
(88, 200302, 18, 13, NULL, 0, 52),
(88, 200303, 19, NULL, 'DNF', 0, 30),
(88, 200304, 0, NULL, 'DNF', 0, 38),
(88, 200305, 19, 12, NULL, 0, 62),
(88, 200306, 20, NULL, 'DNF', 0, 0),
(88, 200307, 18, NULL, 'DNF', 0, 28),
(88, 200308, 15, 9, NULL, 0, 68),
(88, 200309, 18, 14, NULL, 0, 57),
(88, 200310, 19, 16, NULL, 0, 66),
(88, 200311, 19, 15, NULL, 0, 58),
(88, 200312, 19, NULL, 'DNF', 0, 23),
(88, 200313, 18, 12, NULL, 0, 67),
(88, 200314, 17, NULL, 'DNF', 0, 27),
(88, 200315, 19, 10, NULL, 0, 69),
(88, 200316, 17, 15, NULL, 0, 51),
(89, 200301, 13, 12, 'DNF', 0, 52),
(89, 200302, 14, NULL, 'DNF', 0, 0),
(89, 200303, 8, 1, NULL, 10, 54),
(89, 200304, 17, 15, 'DNF', 0, 57),
(89, 200305, 17, NULL, 'DNF', 0, 43),
(89, 200306, 9, NULL, 'DNF', 0, 60),
(89, 200307, 12, 10, NULL, 0, 77),
(89, 200308, 16, NULL, 'DNF', 0, 20),
(89, 200309, 13, 12, NULL, 0, 58),
(89, 200310, 17, NULL, 'DNF', 0, 42),
(89, 200311, 15, NULL, 'DNF', 0, 44),
(89, 200312, 12, 13, 'DNF', 0, 60),
(89, 200313, 13, NULL, 'DNF', 0, 28),
(89, 200314, 13, 10, NULL, 0, 52),
(89, 200315, 17, 7, NULL, 2, 72),
(89, 200316, 16, NULL, 'DNF', 0, 33),
(90, 200301, 18, 13, 'DNF', 0, 52),
(90, 200302, 15, NULL, 'DNF', 0, 42),
(90, 200303, 17, NULL, 'DNF', 0, 24),
(90, 200304, 15, 14, NULL, 0, 60),
(90, 200305, 16, NULL, 'DNF', 0, 0),
(90, 200306, 8, 9, NULL, 0, 68),
(90, 200307, 13, NULL, 'DNF', 0, 10),
(90, 200308, 13, 10, 'DNF', 0, 66),
(90, 200309, 16, 10, NULL, 0, 59),
(90, 200310, 11, 10, NULL, 0, 69),
(90, 200311, 10, NULL, 'DNF', 0, 32),
(90, 200312, 16, NULL, 'DNF', 0, 6),
(90, 200313, 12, NULL, 'DNF', 0, 42),
(90, 200314, 15, NULL, 'DNF', 0, 2),
(90, 200315, 16, 8, NULL, 1, 71),
(90, 200316, 10, 13, NULL, 0, 52),
(91, 200301, 5, NULL, 'DNF', 0, 31),
(91, 200302, 10, NULL, 'DNF', 0, 12),
(91, 200303, 15, NULL, 'DNF', 0, 17),
(91, 200304, 10, 9, NULL, 0, 61),
(91, 200305, 6, NULL, 'DNF', 0, 41),
(91, 200306, 11, NULL, 'DNF', 0, 6),
(91, 200307, 17, 13, NULL, 0, 74),
(91, 200308, 7, 8, NULL, 1, 69),
(91, 200309, 7, NULL, 'DNF', 0, 37),
(91, 200310, 10, 8, NULL, 1, 69),
(91, 200311, 13, 11, NULL, 0, 60),
(91, 200312, 7, 5, NULL, 4, 66),
(91, 200313, 10, NULL, 'DNF', 0, 33),
(91, 200314, 9, NULL, 'DNF', 0, 35),
(91, 200315, 3, NULL, 'DNF', 0, 27),
(91, 200316, 4, 10, NULL, 0, 53),
(92, 200301, 7, NULL, 'DNF', 0, 20),
(92, 200302, 6, 8, NULL, 1, 55),
(92, 200303, 12, NULL, 'DNF', 0, 8),
(92, 200304, 11, 10, NULL, 0, 61),
(92, 200305, 14, 10, NULL, 0, 63),
(92, 200306, 4, NULL, 'DNF', 0, 46),
(92, 200307, 14, 11, NULL, 0, 76),
(92, 200308, 12, NULL, 'DNF', 0, 47),
(92, 200309, 20, 8, NULL, 1, 59),
(92, 200310, 15, 13, NULL, 0, 68),
(92, 200311, 16, 17, NULL, 0, 58),
(92, 200312, 15, 10, NULL, 0, 65),
(92, 200313, 11, 9, NULL, 0, 69),
(92, 200314, 16, 9, NULL, 0, 52),
(92, 200315, 13, 5, NULL, 4, 73),
(92, 200316, 11, 9, NULL, 0, 53),
(93, 200301, 20, NULL, 'DNF', 0, 16),
(93, 200302, 19, NULL, 'DNF', 0, 41),
(93, 200303, 20, NULL, 'DNF', 0, 15),
(93, 200304, 18, NULL, 'DNF', 0, 23),
(93, 200305, 18, 11, NULL, 0, 63),
(93, 200306, 18, 13, NULL, 0, 67),
(93, 200307, 19, NULL, 'DNF', 0, 29),
(93, 200308, 18, NULL, 'DNF', 0, 60),
(93, 200309, 19, 13, NULL, 0, 58),
(93, 200310, 20, 14, NULL, 0, 67),
(93, 200311, 18, 16, NULL, 0, 58),
(93, 200312, 20, 12, NULL, 0, 62),
(93, 200313, 20, 13, NULL, 0, 66),
(93, 200314, 19, 12, NULL, 0, 51),
(93, 200315, 20, 11, NULL, 0, 69),
(93, 200316, 18, 16, NULL, 0, 50),
(94, 200301, 16, NULL, 'DNF', 0, 7),
(94, 200302, 11, 11, NULL, 0, 55),
(94, 200303, 18, 10, NULL, 0, 53),
(94, 200304, 13, 12, NULL, 0, 61),
(94, 200305, 13, 6, NULL, 3, 64),
(94, 200306, 13, 10, NULL, 0, 68),
(94, 200307, 10, 9, NULL, 0, 77),
(94, 200308, 9, 11, 'DNF', 0, 64),
(94, 200309, 10, NULL, 'DNF', 0, 53),
(94, 200310, 13, 11, NULL, 0, 69),
(94, 200311, 6, 7, NULL, 2, 60),
(94, 200312, 9, 6, NULL, 3, 66),
(94, 200313, 15, 11, NULL, 0, 68),
(94, 200314, 12, NULL, 'DNF', 0, 3),
(94, 200315, 9, 9, NULL, 0, 71),
(94, 200316, 3, 7, NULL, 2, 53),
(95, 200301, 17, NULL, 'DNF', 0, 6),
(95, 200302, 20, 10, NULL, 0, 55),
(95, 200303, 16, NULL, 'DNF', 0, 17),
(95, 200304, 19, NULL, 'DNF', 0, 51),
(95, 200305, 15, 8, NULL, 1, 63),
(95, 200306, 16, 11, NULL, 0, 68),
(95, 200307, 16, 12, NULL, 0, 76),
(95, 200308, 19, NULL, 'DNF', 0, 20),
(95, 200309, 14, 11, NULL, 0, 58),
(95, 200310, 18, 15, NULL, 0, 67),
(95, 200311, 17, 13, NULL, 0, 59),
(95, 200312, 18, NULL, 'DNF', 0, 0),
(95, 200313, 19, NULL, 'DNF', 0, 34),
(95, 200314, 18, 11, NULL, 0, 51),
(95, 200315, 18, NULL, 'DNF', 0, 48),
(95, 200316, 15, 14, NULL, 0, 51);

-- --------------------------------------------------------

--
-- Structure de la table `team`
--

CREATE TABLE `team` (
  `teamID` int(6) NOT NULL,
  `tName` varchar(30) NOT NULL,
  `tCountry` varchar(25) DEFAULT NULL,
  `tWas` int(6) DEFAULT NULL
) ENGINE=InnoDB DEFAULT CHARSET=utf8;

--
-- Contenu de la table `team`
--

INSERT INTO `team` (`teamID`, `tName`, `tCountry`, `tWas`) VALUES
(1, 'Mercedes ', 'Germany', NULL),
(2, 'Red Bull Racing-Renault ', 'Austria', NULL),
(3, 'Williams-Mercedes ', 'Great Britain', 13),
(4, 'Ferrari ', 'Italy', NULL),
(5, 'McLaren-Mercedes ', 'Great Britain', NULL),
(6, 'Force India-Mercedes ', 'India', NULL),
(7, 'STR-Renault ', 'Italy', 12),
(8, 'Lotus-Renault ', 'Great Britain', NULL),
(9, 'Marussia-Ferrari ', 'Russia', 14),
(10, 'Sauber-Ferrari ', 'Switzerland', NULL),
(11, 'Caterham-Renault ', 'Malaysia', NULL),
(12, 'STR-Ferrari', 'Italy', NULL),
(13, 'Williams-Renault', 'Great Britain', NULL),
(14, 'Marussia-Cosworth', 'Russia', NULL),
(15, 'McLaren Mercedes', NULL, NULL),
(16, 'Williams BMW', NULL, NULL),
(17, 'Renault', NULL, NULL),
(18, 'Sauber Petronas', NULL, NULL),
(19, 'BAR Honda', NULL, NULL),
(20, 'Minardi Cosworth', NULL, NULL),
(21, 'Jordan Ford', NULL, NULL),
(22, 'Jaguar Cosworth', NULL, NULL),
(23, 'Toyota', NULL, NULL);

-- --------------------------------------------------------

--
-- Structure de la table `testdriver`
--

CREATE TABLE `testdriver` (
  `teamID` int(6) NOT NULL,
  `driverID` int(6) NOT NULL,
  `tSeason` year(4) NOT NULL
) ENGINE=InnoDB DEFAULT CHARSET=utf8;

--
-- Contenu de la table `testdriver`
--

INSERT INTO `testdriver` (`teamID`, `driverID`, `tSeason`) VALUES
(1, 31, 2014),
(1, 81, 2013),
(2, 29, 2013),
(2, 29, 2014),
(2, 30, 2014),
(3, 41, 2014),
(3, 42, 2014),
(4, 26, 2013),
(4, 26, 2014),
(4, 32, 2013),
(4, 32, 2014),
(4, 33, 2013),
(4, 33, 2014),
(5, 36, 2014),
(5, 77, 2013),
(5, 78, 2013),
(6, 21, 2013),
(6, 37, 2014),
(7, 29, 2014),
(8, 34, 2014),
(8, 35, 2014),
(8, 79, 2013),
(8, 80, 2013),
(9, 43, 2014),
(10, 38, 2014),
(10, 39, 2014),
(10, 40, 2014),
(10, 44, 2013),
(11, 43, 2013),
(11, 43, 2014),
(11, 44, 2014),
(11, 45, 2014),
(11, 46, 2014),
(11, 47, 2014),
(11, 76, 2013),
(11, 82, 2013),
(12, 12, 2013),
(13, 42, 2013),
(14, 83, 2013);

--
-- Index pour les tables exportées
--

--
-- Index pour la table `circuit`
--
ALTER TABLE `circuit`
  ADD PRIMARY KEY (`circuitID`),
  ADD KEY `cDrivRec` (`cDrivRec`);

--
-- Index pour la table `driver`
--
ALTER TABLE `driver`
  ADD PRIMARY KEY (`driverID`);

--
-- Index pour la table `grandprix`
--
ALTER TABLE `grandprix`
  ADD PRIMARY KEY (`gpID`),
  ADD KEY `circuitID` (`circuitID`);

--
-- Index pour la table `racedriver`
--
ALTER TABLE `racedriver`
  ADD PRIMARY KEY (`teamID`,`driverID`,`rSeason`),
  ADD KEY `driverID` (`driverID`);

--
-- Index pour la table `standings`
--
ALTER TABLE `standings`
  ADD PRIMARY KEY (`driverID`,`gpID`),
  ADD KEY `gpID` (`gpID`);

--
-- Index pour la table `team`
--
ALTER TABLE `team`
  ADD PRIMARY KEY (`teamID`),
  ADD KEY `tWas` (`tWas`);

--
-- Index pour la table `testdriver`
--
ALTER TABLE `testdriver`
  ADD PRIMARY KEY (`teamID`,`driverID`,`tSeason`),
  ADD KEY `driverID` (`driverID`);

--
-- AUTO_INCREMENT pour les tables exportées
--

--
-- AUTO_INCREMENT pour la table `circuit`
--
ALTER TABLE `circuit`
  MODIFY `circuitID` int(6) NOT NULL AUTO_INCREMENT, AUTO_INCREMENT=31;
--
-- AUTO_INCREMENT pour la table `driver`
--
ALTER TABLE `driver`
  MODIFY `driverID` int(6) NOT NULL AUTO_INCREMENT, AUTO_INCREMENT=99;
--
-- AUTO_INCREMENT pour la table `team`
--
ALTER TABLE `team`
  MODIFY `teamID` int(6) NOT NULL AUTO_INCREMENT, AUTO_INCREMENT=24;
--
-- Contraintes pour les tables exportées
--

--
-- Contraintes pour la table `circuit`
--
ALTER TABLE `circuit`
  ADD CONSTRAINT `circuit_ibfk_1` FOREIGN KEY (`cDrivRec`) REFERENCES `driver` (`driverID`) ON DELETE CASCADE ON UPDATE CASCADE;

--
-- Contraintes pour la table `grandprix`
--
ALTER TABLE `grandprix`
  ADD CONSTRAINT `grandprix_ibfk_1` FOREIGN KEY (`circuitID`) REFERENCES `circuit` (`circuitID`) ON DELETE CASCADE ON UPDATE CASCADE;

--
-- Contraintes pour la table `racedriver`
--
ALTER TABLE `racedriver`
  ADD CONSTRAINT `racedriver_ibfk_1` FOREIGN KEY (`teamID`) REFERENCES `team` (`teamID`) ON DELETE CASCADE ON UPDATE CASCADE,
  ADD CONSTRAINT `racedriver_ibfk_2` FOREIGN KEY (`driverID`) REFERENCES `driver` (`driverID`) ON DELETE CASCADE ON UPDATE CASCADE;

--
-- Contraintes pour la table `standings`
--
ALTER TABLE `standings`
  ADD CONSTRAINT `standings_ibfk_1` FOREIGN KEY (`driverID`) REFERENCES `driver` (`driverID`) ON DELETE CASCADE ON UPDATE CASCADE,
  ADD CONSTRAINT `standings_ibfk_2` FOREIGN KEY (`gpID`) REFERENCES `grandprix` (`gpID`) ON DELETE CASCADE ON UPDATE CASCADE;

--
-- Contraintes pour la table `team`
--
ALTER TABLE `team`
  ADD CONSTRAINT `team_ibfk_1` FOREIGN KEY (`tWas`) REFERENCES `team` (`teamID`) ON DELETE SET NULL ON UPDATE CASCADE;

--
-- Contraintes pour la table `testdriver`
--
ALTER TABLE `testdriver`
  ADD CONSTRAINT `testdriver_ibfk_1` FOREIGN KEY (`teamID`) REFERENCES `team` (`teamID`) ON DELETE CASCADE ON UPDATE CASCADE,
  ADD CONSTRAINT `testdriver_ibfk_2` FOREIGN KEY (`driverID`) REFERENCES `driver` (`driverID`) ON DELETE CASCADE ON UPDATE CASCADE;

/*!40101 SET CHARACTER_SET_CLIENT=@OLD_CHARACTER_SET_CLIENT */;
/*!40101 SET CHARACTER_SET_RESULTS=@OLD_CHARACTER_SET_RESULTS */;
/*!40101 SET COLLATION_CONNECTION=@OLD_COLLATION_CONNECTION */;
